FIRSTNAME,LASTNAME,EMAIL,STREET,HOUSENUMBER,ADDRESS_2,POSTCODE,CITY,COUNTRY,COUNTRY_ID,PHONE_COUNTRYCODE,TELEPHONE,CC_TYPE,CC_HOLDER,CC_NUMBER,EXPIREY_YEAR,EXPIREY_MONTH,CVV,INSTAGRAM,PROVINCE
#FIRSTNAME#,#LASTNAME#,VincentTartsah@web.de,Avenue Andre Prothin,15,,92400,Courbevoie,france,FR,+33,{telephone},,,,,,,,
ZOE,ARIA,{telephone}@blokceur.com,Avenue D'orgemont,210,,92700,Colombes,france,FR,+33,{telephone},,,,,,,,
Zaibel,Rashida,{telephone}@blokceur.com,Avenue Chausson,3,,92230,Gennevilliers,france,FR,+33,{telephone},,,,,,,,
Wommack,Elias,{telephone}@blokceur.com,Avenue D'argenteuil,6,,95100,Argenteuil,france,FR,+33,{telephone},,,,,,,,
Winnifred,Maclellan,WinnifredMaclellan@web.de,Avenue Albert De Mun,4,,75116,Paris,france,FR,+33,{telephone},,,,,,,,
John,Johny,neelgrev.y@gmail.com,Avenue de la garenne,478,,92255,Neuilly,france,FR,,,,,,,,,,
VICTORIA,ISABELLA,{telephone}@blokceur.com,Avenue D'argenteuil,4,,95100,Argenteuil,france,FR,+33,{telephone},,,,,,,,
Vergie,Serret,VergieSerret@web.de,Avenue Alexandre,24,,92000,Nanterre,france,FR,+33,{telephone},,,,,,,,
Vanita,Dephillips,VanitaDephillips@web.de,Avenue Anatole France,66,,92700,Colombes,france,FR,+33,{telephone},,,,,,,,
Trotter,Hollis,{telephone}@blokceur.com,Avenue Colombier Bernard,23,,92250,La Garenne Colombes,france,FR,+33,{telephone},,,,,,,,
Trace,Kymberly,{telephone}@blokceur.com,Avenue Baudelaire,6,,78500,Sartrouville,france,FR,+33,{telephone},,,,,,,,
Tourtillott,Marhta,{telephone}@blokceur.com,Avenue Charles De Gaulle,75,,92270,Bois Colombes,france,FR,+33,{telephone},,,,,,,,
Tatum,Goldie,TatumGoldie@web.de,Avenue Adrien Hebrard,11,,75016,Paris,france,FR,+33,{telephone},,,,,,,,
Tartsah,Vincent,{telephone}@blokceur.com,Avenue Courteline,9,,92700,Colombes,france,FR,+33,{telephone},,,,,,,,
Suri,Herman,{telephone}@blokceur.com,Avenue Barthelemy,8,,92270,Bois Colombes,france,FR,+33,{telephone},,,,,,,,
Sunny,Laureen,{telephone}@blokceur.com,Avenue Calmels,19,,92270,Bois Colombes,france,FR,+33,{telephone},,,,,,,,
Staberg,Carlita,{telephone}@blokceur.com,Avenue Conte,24,,92250,La Garenne Colombes,france,FR,+33,{telephone},,,,,,,,
Serret,Vergie,{telephone}@blokceur.com,Avenue Charles De Gaulle,131,,92200,Neuilly sur Seine,france,FR,+33,{telephone},,,,,,,,
SEBASTIAN,SAMANTHA,{telephone}@blokceur.com,Avenue De Charlebourg,12,,92250,La Garenne Colombes,france,FR,+33,{telephone},,,,,,,,
Schlobohm,Bo,{telephone}@blokceur.com,Avenue Camille Claudel,5,,95240,Cormeilles en Parisis,france,FR,+33,{telephone},,,,,,,,
SCARLETT,SOFIA,{telephone}@blokceur.com,Avenue D'argenteuil,158,,92600,Asnieres sur Seine,france,FR,+33,{telephone},,,,,,,,
Sari,Cardenas,SariCardenas@web.de,Avenue Allard,19,,92270,Bois Colombes,france,FR,+33,{telephone},,,,,,,,
Sarai,Burke,SaraiLangin@web.de,Allee Des Anemones,10,,95100,Argenteuil,france,FR,+33,{telephone},Visa,,4976530650187915,2023,05,033,,
SAMANTHA,EVELYN,{telephone}@blokceur.com,Avenue D'argenteuil,183,,92600,Asnieres sur Seine,france,FR,+33,{telephone},,,,,,,,
Ruis,Kiana,{telephone}@blokceur.com,Avenue Charles De Gaulle,211,,92200,Neuilly sur Seine,france,FR,+33,{telephone},,,,,,,,
Romona,Orozces,RomonaKutt@web.de,Allee Denis Papin,9,,92250,La Garenne Colombes,france,FR,+33,{telephone},Visa,,4976530650187915,2023,05,033,,
Roger,Irie,RogerJenkins@web.de,Allee Des Cygnes,1,,75016,Paris,france,FR,+33,{telephone},Visa,Maximiliano Hans,4976530650187915,2023,05,033,,
Raven,Whispell,RavenWhispell@web.de,Avenue Anatole France,22,,92700,Colombes,france,FR,+33,{telephone},,,,,,,,
Rashida,Zaibel,RashidaZaibel@web.de,Avenue Alfred Belmontet,21,,92210,Saint Cloud,france,FR,+33,{telephone},,,,,,,,
Randolph,Eflin,RandolphEflin@web.de,Avenue Albert De Mun,7,,75116,Paris,france,FR,+33,{telephone},,,,,,,,
Quincy,Essence,QuincyRinkel@web.de,Allee Des Coudrees,2a,,95240,Cormeilles en Parisis,france,FR,+33,{telephone},Visa,Azariah Philip,4976530650187915,2023,05,033,,
Puckett,Ned,{telephone}@blokceur.com,Avenue Audra,12,,92700,Colombes,france,FR,+33,{telephone},,,,,,,,
Pesses,Carman,{telephone}@blokceur.com,Avenue Charles,19,,92700,Colombes,france,FR,+33,{telephone},,,,,,,,
PENELOPE,ABIGAIL,{telephone}@blokceur.com,Avenue D'argenteuil,288,,92600,Asnieres sur Seine,france,FR,+33,{telephone},,,,,,,,
Pandora,Glowinski,PandoraGlowinski@web.de,Allee Vladimir Komarov,4,,92000,Nanterre,france,FR,+33,{telephone},,,,,,,,
Orozces,Romona,{telephone}@blokceur.com,Avenue Audra,20,,92700,Colombes,france,FR,+33,{telephone},,,,,,,,
OLIVIA,MICHAEL,{telephone}@blokceur.com,Avenue De L'europe,9,,92700,Colombes,france,FR,+33,{telephone},,,,,,,,
Oliver,Haluska,OliverHaluska@web.de,Avenue Anatole France,16,,75007,Paris,france,FR,+33,{telephone},,,,,,,,
OLIVER,DAVID,{telephone}@blokceur.com,Avenue De L'association,3,,92700,Colombes,france,FR,+33,{telephone},,,,,,,,
NOAH,ELIZABETH,{telephone}@blokceur.com,Avenue De Bretteville,15,,92200,Neuilly sur Seine,france,FR,+33,{telephone},,,,,,,,
Ned,Puckett,NedFaeth@web.de,Allee De Szekszard,10,,95870,Bezons,france,FR,+33,{telephone},Visa,,4976530650187915,2023,05,033,,
NATHAN,JULIAN,{telephone}@blokceur.com,Avenue De Friedland,43,,75008,Paris,france,FR,+33,{telephone},,,,,,,,
Napoleon,Konick,NapoleonKonick@web.de,Allee Soufflot,1,,92600,Asnieres sur Seine,france,FR,+33,{telephone},,,,,,,,
Michell,Krehel,MichellKrehel@web.de,Avenue Adrien Hebrard,6,,75016,Paris,france,FR,+33,{telephone},,,,,,,,
MICHAEL,JACOB,{telephone}@blokceur.com,Avenue De Fouilleuse,63,,92500,Rueil Malmaison,france,FR,+33,{telephone},,,,,,,,
MIA,JAMES,{telephone}@blokceur.com,Avenue De L'europe,59,,92270,Bois Colombes,france,FR,+33,{telephone},,,,,,,,
Maximilian,Herbert,{telephone}@blokceur.com,Avenue Bridault,25,,95100,Argenteuil,france,FR,+33,{telephone},,,,,,,,
Mavins,Earnest,{telephone}@blokceur.com,Avenue Charles De Gaulle,120,,92200,Neuilly sur Seine,france,FR,+33,{telephone},,,,,,,,
MATTHEW,CHLOE,{telephone}@blokceur.com,Avenue De Bretteville,6,,92200,Neuilly sur Seine,france,FR,+33,{telephone},,,,,,,,
MATEO,DANIEL,{telephone}@blokceur.com,Avenue De Fouilleuse,13,,92210,Saint Cloud,france,FR,+33,{telephone},,,,,,,,
MASON,NATHAN,{telephone}@blokceur.com,Avenue De L'entente,18,,95870,Bezons,france,FR,+33,{telephone},,,,,,,,
Marking,Brittney,{telephone}@blokceur.com,Avenue Claude Debussy,44,,92230,Gennevilliers,france,FR,+33,{telephone},,,,,,,,
Marielle,Brymer,MarielleBrymer@web.de,Allee Visconti,6,,92600,Asnieres sur Seine,france,FR,+33,{telephone},,,,,,,,
Marhta,Tourtillott,MarhtaTourtillott@web.de,Avenue Albert,2,,92270,Bois Colombes,france,FR,+33,{telephone},,,,,,,,
Mallory,Faustina,{telephone}@blokceur.com,Avenue Brunetiere,26,,75017,Paris,france,FR,+33,{telephone},,,,,,,,
Makovec,Kelly,{telephone}@blokceur.com,Avenue Charles De Gaulle,92,,92200,Neuilly sur Seine,france,FR,+33,{telephone},,,,,,,,
MADISON,AMELIA,{telephone}@blokceur.com,Avenue D'orgemont,13,,92600,Asnieres sur Seine,france,FR,+33,{telephone},,,,,,,,
Maclellan,Winnifred,{telephone}@blokceur.com,Avenue Charles De Gaulle,76,,92270,Bois Colombes,france,FR,+33,{telephone},,,,,,,,
LUCAS,LOGAN,{telephone}@blokceur.com,Avenue De L'abbe Saint Pierre,18,,92150,Suresnes,france,FR,+33,{telephone},,,,,,,,
Lonny,Gianluca,LonnyWhitebread@web.de,Allee Des Anemones,1,,95100,Argenteuil,france,FR,+33,{telephone},Visa,,4976530650187915,2023,05,033,,
LIAM,LIAM,{telephone}@blokceur.com,Avenue De Fouilleuse,76,,92210,Saint Cloud,france,FR,+33,{telephone},,,,,,,,
Laureen,Sunny,LaureenMofle@web.de,Allee Des Coudrees,2,,95240,Cormeilles en Parisis,france,FR,+33,{telephone},Visa,Laylah Judah,4976530650187915,2023,05,033,,
Larry,Hauth,LarryHauth@web.de,Allee Soulezard,16,,95100,Argenteuil,france,FR,+33,{telephone},,,,,,,,
Landyn,Elsa,{telephone}@blokceur.com,Avenue Bernard Palissy,62,,92210,Saint Cloud,france,FR,+33,{telephone},,,,,,,,
Kymberly,Trace,KymberlyWilsey@web.de,Allee Des Anemones,2,,95100,Argenteuil,france,FR,+33,{telephone},Visa,,4976530650187915,2023,05,033,,
Krehel,Michell,{telephone}@blokceur.com,Avenue Charles De Gaulle,4,,92270,Bois Colombes,france,FR,+33,{telephone},,,,,,,,
Krabbenhoft,Gordon,{telephone}@blokceur.com,Avenue Charles De Gaulle,186,,92200,Neuilly sur Seine,france,FR,+33,{telephone},,,,,,,,
Konick,Napoleon,{telephone}@blokceur.com,Avenue Carnot,32,,75017,Paris,france,FR,+33,{telephone},,,,,,,,
Kiana,Ruis,KianaRuis@web.de,Avenue Alcime Albert,17,,92700,Colombes,france,FR,+33,{telephone},,,,,,,,
Kelly,Makovec,KellyMakovec@web.de,Avenue Alexandre Maistrasse,20,,92150,Suresnes,france,FR,+33,{telephone},,,,,,,,
Katz,Joe,{telephone}@blokceur.com,Avenue Auguste Victor Bocquet,12,,92700,Colombes,france,FR,+33,{telephone},,,,,,,,
Kathrine,Allwood,KathrineAllwood@web.de,Avenue Anatole France,96,,75007,Paris,france,FR,+33,{telephone},,,,,,,,
Julius,Fredricksen,JuliusFredricksen@web.de,Avenue Anatole France,33,,92700,Colombes,france,FR,+33,{telephone},,,,,,,,
JULIAN,SEBASTIAN,{telephone}@blokceur.com,Avenue De Fouilleuse,119,,92500,Rueil Malmaison,france,FR,+33,{telephone},,,,,,,,
Johngrass,Chanell,{telephone}@blokceur.com,Avenue Charles De Gaulle,125,,92200,Neuilly sur Seine,france,FR,+33,{telephone},,,,,,,,
Joe,Katz,JoeTrinkl@web.de,Allee Des Acacias,14,,95870,Bezons,france,FR,+33,{telephone},Visa,,4976530650187915,2023,05,033,,
Jimmie,Italia,JimmieItalia@web.de,Avenue Alexandre,38,,92000,Nanterre,france,FR,+33,{telephone},,,,,,,,
JAYDEN,MATTHEW,{telephone}@blokceur.com,Avenue De Fouilleuse,29,,92500,Rueil Malmaison,france,FR,+33,{telephone},,,,,,,,
JAMES,JAYDEN,{telephone}@blokceur.com,Avenue De L'agent Sarre,144,,92270,Bois Colombes,france,FR,+33,{telephone},,,,,,,,
Jame,Bumps,JameBumps@web.de,Avenue Altes,15,,92700,Colombes,france,FR,+33,{telephone},,,,,,,,
JACOB,GENESIS,{telephone}@blokceur.com,Avenue De Colombes,4,,92600,Asnieres sur Seine,france,FR,+33,{telephone},,,,,,,,
Ivonne,Heberer,IvonneHeberer@web.de,Allee Thomy Thierry,22,,75007,Paris,france,FR,+33,{telephone},,,,,,,,
Italia,Jimmie,{telephone}@blokceur.com,Avenue Charles De Gaulle,65,,92200,Neuilly sur Seine,france,FR,+33,{telephone},,,,,,,,
ISAAC,AIDEN,{telephone}@blokceur.com,Avenue De L'arche,15,,92400,Courbevoie,france,FR,+33,{telephone},,,,,,,,
Irie,Roger,{telephone}@blokceur.com,Avenue Camille Claudel,15,,95240,Cormeilles en Parisis,france,FR,+33,{telephone},,,,,,,,
Hollis,Trotter,HollisTrotter@web.de,Avenue Anatole France,47,,92700,Colombes,france,FR,+33,{telephone},,,,,,,,
Herson,Anderson,{telephone}@blokceur.com,Avenue Chantemesse,1,,75116,Paris,france,FR,+33,{telephone},,,,,,,,
Herman,Suri,HermanUrueta@web.de,Allee Des Acacias,21,,95870,Bezons,france,FR,+33,{telephone},Visa,,4976530650187915,2023,05,033,,
Herbert,Maximilian,HerbertBloyer@web.de,Allee Des Bergeronnettes,6,,92150,Suresnes,france,FR,+33,{telephone},Visa,Tyron Alice,4976530650187915,2023,05,033,,
Heberer,Ivonne,{telephone}@blokceur.com,Avenue Centrale,20,,92700,Colombes,france,FR,+33,{telephone},,,,,,,,
Hauth,Larry,{telephone}@blokceur.com,Avenue Carnot,16,,75017,Paris,france,FR,+33,{telephone},,,,,,,,
Haluska,Oliver,{telephone}@blokceur.com,Avenue Colombier Bernard,13,,92250,La Garenne Colombes,france,FR,+33,{telephone},,,,,,,,
Greta,Arano,GretaArano@web.de,Avenue Antoinette,6,,92250,La Garenne Colombes,france,FR,+33,{telephone},,,,,,,,
Gregory,Blanken,GregoryBlanken@web.de,Allees Rosa Parks,8,,92230,Gennevilliers,france,FR,+33,{telephone},,,,,,,,
Gordon,Krabbenhoft,GordonKrabbenhoft@web.de,Avenue Achille Peretti,187,,92200,Neuilly sur Seine,france,FR,+33,{telephone},,,,,,,,
Goldie,Tatum,{telephone}@blokceur.com,Avenue Charles De Gaulle,138,,92200,Neuilly sur Seine,france,FR,+33,{telephone},,,,,,,,
Glowinski,Pandora,{telephone}@blokceur.com,Avenue Chandon,7,,92230,Gennevilliers,france,FR,+33,{telephone},,,,,,,,
Gidget,Emile,GidgetEmile@web.de,Avenue Anatole France,68b,,92700,Colombes,france,FR,+33,{telephone},,,,,,,,
Gianluca,Lonny,{telephone}@blokceur.com,Avenue Becquerelle,1,,92600,Asnieres sur Seine,france,FR,+33,{telephone},,,,,,,,
GENESIS,MILA,{telephone}@blokceur.com,Avenue De Bezons,7,,92700,Colombes,france,FR,+33,{telephone},,,,,,,,
Fritz,Chea,FritzChea@web.de,Avenue Achille Peretti,149,,92200,Neuilly sur Seine,france,FR,+33,{telephone},,,,,,,,
Fredricksen,Julius,{telephone}@blokceur.com,Avenue Clodoald,15,,92210,Saint Cloud,france,FR,+33,{telephone},,,,,,,,
Francis,Drew,{telephone}@blokceur.com,Avenue Bernard Palissy,25,,92210,Saint Cloud,france,FR,+33,{telephone},,,,,,,,
Florida,Etcitty,FloridaEtcitty@web.de,Avenue Alfred Belmontet,25,,92210,Saint Cloud,france,FR,+33,{telephone},,,,,,,,
Faustina,Mallory,FaustinaPandolfi@web.de,Allee Des Coudrees,5,,95240,Cormeilles en Parisis,france,FR,+33,{telephone},Visa,Eubanks Lars,4976530650187915,2023,05,033,,
EVELYN,CAMILA,{telephone}@blokceur.com,Avenue D'argenteuil,291,,92230,Gennevilliers,france,FR,+33,{telephone},,,,,,,,
ETHAN,ZOE,{telephone}@blokceur.com,Avenue De Camoens,5,,75116,Paris,france,FR,+33,{telephone},,,,,,,,
Etcitty,Florida,{telephone}@blokceur.com,Avenue Chausson,16,,92230,Gennevilliers,france,FR,+33,{telephone},,,,,,,,
Essence,Quincy,{telephone}@blokceur.com,Avenue Bugeaud,2,,75116,Paris,france,FR,+33,{telephone},,,,,,,,
Enriquez,Benita,{telephone}@blokceur.com,Avenue Baudelaire,14,,78500,Sartrouville,france,FR,+33,{telephone},,,,,,,,
Emmitt,Cawon,EmmittCawon@web.de,Allee Villas Laure,25,,95100,Argenteuil,france,FR,+33,{telephone},,,,,,,,
EMMA,DYLAN,{telephone}@blokceur.com,Avenue De L'espace,9,,95100,Argenteuil,france,FR,+33,{telephone},,,,,,,,
Emile,Gidget,{telephone}@blokceur.com,Avenue Clodoald,35,,92210,Saint Cloud,france,FR,+33,{telephone},,,,,,,,
Elsa,Landyn,ElsaKrys@web.de,Allee Des Bergeres,17,,92500,Rueil Malmaison,france,FR,+33,{telephone},Visa,,4976530650187915,2023,05,033,,
ELIZABETH,CHARLOTTE,{telephone}@blokceur.com,Avenue D'argenteuil,74,,92600,Asnieres sur Seine,france,FR,+33,{telephone},,,,,,,,
ELIJAH,LUCAS,{telephone}@blokceur.com,Avenue De L'agent Sarre,14,,92700,Colombes,france,FR,+33,{telephone},,,,,,,,
Elias,Wommack,EliasWommack@web.de,Avenue Audra,24,,92700,Colombes,france,FR,+33,{telephone},,,,,,,,
Eflin,Randolph,{telephone}@blokceur.com,Avenue Charles De Gaulle,50,,92200,Neuilly sur Seine,france,FR,+33,{telephone},,,,,,,,
Earnest,Mavins,EarnestMavins@web.de,Avenue Achille Peretti,93,,92200,Neuilly sur Seine,france,FR,+33,{telephone},,,,,,,,
Eanes,Douglas,{telephone}@blokceur.com,Avenue Clodoald,11,,92210,Saint Cloud,france,FR,+33,{telephone},,,,,,,,
DYLAN,AARON,{telephone}@blokceur.com,Avenue De L'entente,8,,95870,Bezons,france,FR,+33,{telephone},,,,,,,,
Drew,Francis,DrewKovacic@web.de,Allee Des Bergeres,9,,92500,Rueil Malmaison,france,FR,+33,{telephone},Visa,Lian Titan,4976530650187915,2023,05,033,,
Douglas,Eanes,DouglasEanes@web.de,Avenue Anatole France,54,,75007,Paris,france,FR,+33,{telephone},,,,,,,,
Dephillips,Vanita,{telephone}@blokceur.com,Avenue Conte,21,,92250,La Garenne Colombes,france,FR,+33,{telephone},,,,,,,,
DAVID,ALEXANDER,{telephone}@blokceur.com,Avenue De Fouilleuse,117,,92500,Rueil Malmaison,france,FR,+33,{telephone},,,,,,,,
DANIEL,GRACE,{telephone}@blokceur.com,Avenue De Charlebourg,25,,92250,La Garenne Colombes,france,FR,+33,{telephone},,,,,,,,
Cravenho,Alida,{telephone}@blokceur.com,Avenue D'alsace,44,,92400,Courbevoie,france,FR,+33,{telephone},,,,,,,,
Corso,Zonia,{telephone}@blokceur.com,Avenue Charles Tellier,55,,78800,Houilles,france,FR,+33,{telephone},,,,,,,,
CHLOE,SCARLETT,{telephone}@blokceur.com,Avenue D'iena,52b,,75116,Paris,france,FR,+33,{telephone},,,,,,,,
Chin,Barreira,ChinBarreira@web.de,Avenue Altes,4,,92700,Colombes,france,FR,+33,{telephone},,,,,,,,
Chea,Fritz,{telephone}@blokceur.com,Avenue Charles De Gaulle,227,,92200,Neuilly sur Seine,france,FR,+33,{telephone},,,,,,,,
CHARLOTTE,EMILY,{telephone}@blokceur.com,Avenue D'argenteuil,60,,92600,Asnieres sur Seine,france,FR,+33,{telephone},,,,,,,,
Chanell,Johngrass,ChanellJohngrass@web.de,Avenue Albert Gleizes,1,,92400,Courbevoie,france,FR,+33,{telephone},,,,,,,,
Cawon,Emmitt,{telephone}@blokceur.com,Avenue Cesar Franck,5,,92700,Colombes,france,FR,+33,{telephone},,,,,,,,
Carman,Pesses,CarmanPesses@web.de,Allees Missak Manouchian,3,,92230,Gennevilliers,france,FR,+33,{telephone},,,,,,,,
Carlita,Staberg,CarlitaStaberg@web.de,Avenue Andre Prothin,10,,92400,Courbevoie,france,FR,+33,{telephone},,,,,,,,
Cardenas,Sari,{telephone}@blokceur.com,Avenue Claire,12,,95100,Argenteuil,france,FR,+33,{telephone},,,,,,,,
Burke,Sarai,{telephone}@blokceur.com,Avenue Beausejour,7,,95100,Argenteuil,france,FR,+33,{telephone},,,,,,,,
Bumps,Jame,{telephone}@blokceur.com,Avenue Claire,6,,95100,Argenteuil,france,FR,+33,{telephone},,,,,,,,
Brymer,Marielle,{telephone}@blokceur.com,Avenue Chandon,44,,92230,Gennevilliers,france,FR,+33,{telephone},,,,,,,,
Brittney,Marking,BrittneyMarking@web.de,Avenue Anatole France,88,,75007,Paris,france,FR,+33,{telephone},,,,,,,,
Briguglio,Annemarie,{telephone}@blokceur.com,Avenue Claire,22,,95100,Argenteuil,france,FR,+33,{telephone},,,,,,,,
Brigette,Bambacigno,BrigetteBambacigno@web.de,Avenue Antoinette,5,,92250,La Garenne Colombes,france,FR,+33,{telephone},,,,,,,,
Bo,Schlobohm,BoSchlobohm@web.de,Allee Sir Alexander Fleming,8,,92000,Nanterre,france,FR,+33,{telephone},,,,,,,,
Blanken,Gregory,{telephone}@blokceur.com,Avenue Charles De Gaulle,166,,92200,Neuilly sur Seine,france,FR,+33,{telephone},,,,,,,,
BENJAMIN,ETHAN,{telephone}@blokceur.com,Avenue De Fouilleuse,109,,92500,Rueil Malmaison,france,FR,+33,{telephone},,,,,,,,
Belle,Ambuehl,BelleAmbuehl@web.de,Avenue Albert De Mun,9,,75116,Paris,france,FR,+33,{telephone},,,,,,,,
Barreira,Chin,{telephone}@blokceur.com,Avenue Claude Debussy,32,,92230,Gennevilliers,france,FR,+33,{telephone},,,,,,,,
Bambacigno,Brigette,{telephone}@blokceur.com,Avenue D'alsace,11,,92400,Courbevoie,france,FR,+33,{telephone},,,,,,,,
AVERY,PENELOPE,{telephone}@blokceur.com,Avenue D'orgemont,21,,92700,Colombes,france,FR,+33,{telephone},,,,,,,,
ARIA,LUNA,{telephone}@blokceur.com,Avenue D'eylau,34,,75116,Paris,france,FR,+33,{telephone},,,,,,,,
Arano,Greta,{telephone}@blokceur.com,Avenue D'alsace,12,,92400,Courbevoie,france,FR,+33,{telephone},,,,,,,,
ANTHONY,BENJAMIN,{telephone}@blokceur.com,Avenue De L'abbe Saint Pierre,3,,92150,Suresnes,france,FR,+33,{telephone},,,,,,,,
Annemarie,Briguglio,AnnemarieBriguglio@web.de,Avenue Alphand,5,,75116,Paris,france,FR,+33,{telephone},,,,,,,,
Anderson,Herson,AndersonHerson@web.de,Allees Maria Casares,23,,92230,Gennevilliers,france,FR,+33,{telephone},,,,,,,,
AMELIA,AVA,{telephone}@blokceur.com,Avenue D'argenteuil,327,,92270,Bois Colombes,france,FR,+33,{telephone},,,,,,,,
Ambuehl,Belle,{telephone}@blokceur.com,Avenue Charles De Gaulle,187,,92200,Neuilly sur Seine,france,FR,+33,{telephone},,,,,,,,
Allwood,Kathrine,{telephone}@blokceur.com,Avenue Clementine,22,,92700,Colombes,france,FR,+33,{telephone},,,,,,,,
Alida,Cravenho,AlidaCravenho@web.de,Avenue Audra,26,,92700,Colombes,france,FR,+33,{telephone},,,,,,,,
ALEXANDER,NOAH,{telephone}@blokceur.com,Avenue De Coutainville,3,,92700,Colombes,france,FR,+33,{telephone},,,,,,,,
ALEXA,VICTORIA,{telephone}@blokceur.com,Avenue D'argenteuil,249,,92270,Bois Colombes,france,FR,+33,{telephone},,,,,,,,
AIDEN,MATEO,{telephone}@blokceur.com,Avenue De Fouilleuse,92,,92500,Rueil Malmaison,france,FR,+33,{telephone},,,,,,,,
ABIGAIL,SOPHIA,{telephone}@blokceur.com,Avenue D'argenteuil,212,,92230,Gennevilliers,france,FR,+33,{telephone},,,,,,,,
AARON,OLIVER,{telephone}@blokceur.com,Avenue De L'arche,124,,92400,Courbevoie,france,FR,+33,{telephone},,,,,,,,
