FIRSTNAME,LASTNAME,EMAIL,STREET,HOUSENUMBER,ADDRESS_2,POSTCODE,CITY,COUNTRY,COUNTRY_ID,PHONE_COUNTRYCODE,TELEPHONE,CC_TYPE,CC_HOLDER,CC_NUMBER,EXPIREY_YEAR,EXPIREY_MONTH,CVV,INSTAGRAM,PROVINCE
#FIRSTNAME#,#LASTNAME#,schwab_daniel529@outlook.com,Rue Yves Le Caignard,33,,92250,La Garenne Colombes,France,FR,+33,{telephone},,,,,,,,
#FIRSTNAME#,#LASTNAME#,blau_judith740@outlook.com,Rue Yves Le Caignard,13,,92700,Colombes,France,FR,+33,{telephone},,,,,,,,
#FIRSTNAME#,#LASTNAME#,holzman.nancycp@outlook.com,Rue Yves Saudmont,74,,92000,Nanterre,France,FR,+33,{telephone},,,,,,,,
#FIRSTNAME#,#LASTNAME#,laura.unger86@outlook.com,Rue Yves Saudmont,111,,92000,Nanterre,France,FR,+33,{telephone},,,,,,,,
#FIRSTNAME#,#LASTNAME#,hochalberto399@outlook.com,Sente De L'Humanite,9,,78800,Houilles,France,FR,+33,{telephone},,,,,,,,
#FIRSTNAME#,#LASTNAME#,alan1_traugott@outlook.com,Sente De L'egalite,1,,78800,Houilles,France,FR,+33,{telephone},,,,,,,,
#FIRSTNAME#,#LASTNAME#,freeh_james8@outlook.com,Sente De La Croix Rouge,7,,95870,Bezons,France,FR,+33,{telephone},,,,,,,,
#FIRSTNAME#,#LASTNAME#,allend_kappel@outlook.com,Sente Des Coquelicots,10,,95240,Cormeilles en Parisis,France,FR,+33,{telephone},,,,,,,,
#FIRSTNAME#,#LASTNAME#,elizabethfuchsmbp@outlook.com,Sente Des Larris,6,,92400,Courbevoie,France,FR,+33,{telephone},,,,,,,,
#FIRSTNAME#,#LASTNAME#,moellermelissa668@outlook.com,Sente Des Sorbiers,13,,92150,Suresnes,France,FR,+33,{telephone},,,,,,,,
#FIRSTNAME#,#LASTNAME#,glenda.kaiseryfu@outlook.com,Sortie P1 P2,49,,92800,Puteaux,France,FR,+33,{telephone},,,,,,,,
#FIRSTNAME#,#LASTNAME#,klein_samuelt@outlook.com,Square Alboni,20,,75016,Paris,France,FR,+33,{telephone},,,,,,,,
#FIRSTNAME#,#LASTNAME#,werner_richardpq@outlook.com,Square Alboni,18,,75016,Paris,France,FR,+33,{telephone},,,,,,,,
#FIRSTNAME#,#LASTNAME#,kimberly886_reinhard@outlook.com,Square Aquitaine,28,,95100,Argenteuil,France,FR,+33,{telephone},,,,,,,,
#FIRSTNAME#,#LASTNAME#,andrewyk_naumann@outlook.com,Square Aquitaine,30,,95100,Argenteuil,France,FR,+33,{telephone},,,,,,,,
#FIRSTNAME#,#LASTNAME#,theresaus_theiss@outlook.com,Square Auguste Rodin,2,,92500,Rueil Malmaison,France,FR,+33,{telephone},,,,,,,,
#FIRSTNAME#,#LASTNAME#,thomasbo.schweizer@outlook.com,Square Chanton,6,,92200,Neuilly sur Seine,France,FR,+33,{telephone},,,,,,,,
#FIRSTNAME#,#LASTNAME#,maierkerie@outlook.com,Square Charles Dickens,5,,75016,Paris,France,FR,+33,{telephone},,,,,,,,
#FIRSTNAME#,#LASTNAME#,roseann_schreinerw@outlook.com,Square Chezy,12,,92200,Neuilly sur Seine,France,FR,+33,{telephone},,,,,,,,
#FIRSTNAME#,#LASTNAME#,leeann6kohler@outlook.com,Square D'epinay,13,,95100,Argenteuil,France,FR,+33,{telephone},,,,,,,,
#FIRSTNAME#,#LASTNAME#,alice.kruegerl2@outlook.com,Square D'epinay,9,,95100,Argenteuil,France,FR,+33,{telephone},,,,,,,,
#FIRSTNAME#,#LASTNAME#,gaertnerevelynnhe@outlook.com,Square De L'avenue Du Bois,3,,75116,Paris,France,FR,+33,{telephone},,,,,,,,
#FIRSTNAME#,#LASTNAME#,gary.brandt572@outlook.com,Square De L'hippodrome,2,,92210,Saint Cloud,France,FR,+33,{telephone},,,,,,,,
#FIRSTNAME#,#LASTNAME#,roberto_goldschmidtp@outlook.com,Square De La Breche,19,,92000,Nanterre,France,FR,+33,{telephone},,,,,,,,
#FIRSTNAME#,#LASTNAME#,schiffer_walter35@outlook.com,Square De Reims,1,,93800,Epinay sur Seine,France,FR,+33,{telephone},,,,,,,,
#FIRSTNAME#,#LASTNAME#,eberhardt_bernard67@outlook.com,Square Des Ajoux,16,,92400,Courbevoie,France,FR,+33,{telephone},,,,,,,,
#FIRSTNAME#,#LASTNAME#,bar_josee@outlook.com,Square Des Anglaises,1,,93800,Epinay sur Seine,France,FR,+33,{telephone},,,,,,,,
#FIRSTNAME#,#LASTNAME#,fischer.marilynmdn@outlook.com,Square Des Corolles,31,,92400,Courbevoie,France,FR,+33,{telephone},,,,,,,,
#FIRSTNAME#,#LASTNAME#,kimberlyve.bergmann@outlook.com,Square Des Corolles,33,,92400,Courbevoie,France,FR,+33,{telephone},,,,,,,,
#FIRSTNAME#,#LASTNAME#,jessica_freie@outlook.com,Square Des Corolles,37,,92400,Courbevoie,France,FR,+33,{telephone},,,,,,,,
#FIRSTNAME#,#LASTNAME#,stevend_eichmann@outlook.com,Square Des Dormants,11,,93800,Epinay sur Seine,France,FR,+33,{telephone},,,,,,,,
#FIRSTNAME#,#LASTNAME#,schroeder_markd@outlook.com,Square Des Dormants,9,,93800,Epinay sur Seine,France,FR,+33,{telephone},,,,,,,,
#FIRSTNAME#,#LASTNAME#,brandon3_werner@outlook.com,Square Des Groues,32,,92000,Nanterre,France,FR,+33,{telephone},,,,,,,,
#FIRSTNAME#,#LASTNAME#,fruehaufstephanj@outlook.com,Square Des Platrieres,7,,93800,Epinay sur Seine,France,FR,+33,{telephone},,,,,,,,
#FIRSTNAME#,#LASTNAME#,lange.kevin09@outlook.com,Square Des Saisons,10,,92400,Courbevoie,France,FR,+33,{telephone},,,,,,,,
#FIRSTNAME#,#LASTNAME#,johnny2.eisenhower@outlook.com,Square Du Roule,1,,75008,Paris,France,FR,+33,{telephone},,,,,,,,
#FIRSTNAME#,#LASTNAME#,shannon.moenchisg@outlook.com,Square Eugene Delacroix,3,,92500,Rueil Malmaison,France,FR,+33,{telephone},,,,,,,,
#FIRSTNAME#,#LASTNAME#,elizabeth_lemann95@outlook.com,Square Georges Pernoud,19,,92000,Nanterre,France,FR,+33,{telephone},,,,,,,,
#FIRSTNAME#,#LASTNAME#,becker_melissaqnx@outlook.com,Square Saint Exupery,35,,92500,Rueil Malmaison,France,FR,+33,{telephone},,,,,,,,
#FIRSTNAME#,#LASTNAME#,faerber_jessica5@outlook.com,Terrasse De L'Arche,485,,92000,Nanterre,France,FR,+33,{telephone},,,,,,,,
#FIRSTNAME#,#LASTNAME#,rothstein_amandahp@outlook.com,Terrasse De L'universite,79b,,92000,Nanterre,France,FR,+33,{telephone},,,,,,,,
#FIRSTNAME#,#LASTNAME#,gabrielle86_gloeckner@outlook.com,Terrasse De L'universite,17,,92000,Nanterre,France,FR,+33,{telephone},,,,,,,,
#FIRSTNAME#,#LASTNAME#,tammy6.baumgartner@outlook.com,Terrasse De La Seine,37,,92000,Nanterre,France,FR,+33,{telephone},,,,,,,,
#FIRSTNAME#,#LASTNAME#,ehrlichmann.joannepur@outlook.com,Tunnel Champerret,54,,75017,Paris,France,FR,+33,{telephone},,,,,,,,
#FIRSTNAME#,#LASTNAME#,lucygleichel@outlook.com,Tunnel De La Defense,12,,92000,Nanterre,France,FR,+33,{telephone},,,,,,,,
#FIRSTNAME#,#LASTNAME#,richardt_neudorf@outlook.com,Tunnel De La Defense,33,,92000,Nanterre,France,FR,+33,{telephone},,,,,,,,
#FIRSTNAME#,#LASTNAME#,jessicamv.schaefer@outlook.com,Tunnel De La Defense,18,,92800,Puteaux,France,FR,+33,{telephone},,,,,,,,
#FIRSTNAME#,#LASTNAME#,andresl0.ackerman@outlook.com,Tunnel De La Defense,43,,92000,Nanterre,France,FR,+33,{telephone},,,,,,,,
#FIRSTNAME#,#LASTNAME#,annette178.goldschmidt@outlook.com,Tunnel De La Defense,56,,92000,Nanterre,France,FR,+33,{telephone},,,,,,,,
#FIRSTNAME#,#LASTNAME#,adamkuesterfrd@outlook.com,Tunnel De La Defense,1,,92400,Courbevoie,France,FR,+33,{telephone},,,,,,,,
#FIRSTNAME#,#LASTNAME#,pfeifferjoseph2@outlook.com,Tunnel De La Defense,18,,92000,Nanterre,France,FR,+33,{telephone},,,,,,,,
#FIRSTNAME#,#LASTNAME#,stevenschreiberi@outlook.com,Tunnel De La Defense,4,,92000,Nanterre,France,FR,+33,{telephone},,,,,,,,
#FIRSTNAME#,#LASTNAME#,troy_loeweha@outlook.com,Tunnel De La Defense,54,,92000,Nanterre,France,FR,+33,{telephone},,,,,,,,
#FIRSTNAME#,#LASTNAME#,bobbie.fleischer503@outlook.com,Tunnel De La Defense,6,,92400,Courbevoie,France,FR,+33,{telephone},,,,,,,,
#FIRSTNAME#,#LASTNAME#,fisher.georgef@outlook.com,Tunnel De La Defense,78,,92000,Nanterre,France,FR,+33,{telephone},,,,,,,,
#FIRSTNAME#,#LASTNAME#,jack55.koertig@outlook.com,Tunnel De La Defense,49,,92800,Puteaux,France,FR,+33,{telephone},,,,,,,,
#FIRSTNAME#,#LASTNAME#,jennifer_hueberynn@outlook.com,Tunnel De La Defense,37,,92000,Nanterre,France,FR,+33,{telephone},,,,,,,,
#FIRSTNAME#,#LASTNAME#,schultz.cornelia877@outlook.com,Tunnel De La Defense,83,,92000,Nanterre,France,FR,+33,{telephone},,,,,,,,
#FIRSTNAME#,#LASTNAME#,john.koenigbv@outlook.com,Tunnel De La Defense,15,,92000,Nanterre,France,FR,+33,{telephone},,,,,,,,
#FIRSTNAME#,#LASTNAME#,engel.miguel524@outlook.com,Tunnel De La Defense,35,,92800,Puteaux,France,FR,+33,{telephone},,,,,,,,
#FIRSTNAME#,#LASTNAME#,greg_fried23@outlook.com,Tunnel De Nanterre,70,,92000,Nanterre,France,FR,+33,{telephone},,,,,,,,
#FIRSTNAME#,#LASTNAME#,john_reiniger76@outlook.com,Tunnel De Nanterre,51,,92000,Nanterre,France,FR,+33,{telephone},,,,,,,,
#FIRSTNAME#,#LASTNAME#,meister_lucindabe@outlook.com,Verdun,1,,92300,Levallois Perret,France,FR,+33,{telephone},,,,,,,,
#FIRSTNAME#,#LASTNAME#,sara_holzmanfn@outlook.com,Viaduc De Carrieres Sur Seine,45,,92000,Nanterre,France,FR,+33,{telephone},,,,,,,,
#FIRSTNAME#,#LASTNAME#,cletusbpl.meister@outlook.com,Viaduc De Carrieres Sur Seine,76,,78420,Carrieres sur Seine,France,FR,+33,{telephone},,,,,,,,
#FIRSTNAME#,#LASTNAME#,harolda.wurfel@outlook.com,Viaduc De Carrieres Sur Seine,86,,92000,Nanterre,France,FR,+33,{telephone},,,,,,,,
#FIRSTNAME#,#LASTNAME#,sarah.peters9x@outlook.com,Viaduc De Carrieres Sur Seine,75,,78420,Carrieres sur Seine,France,FR,+33,{telephone},,,,,,,,
#FIRSTNAME#,#LASTNAME#,hirschsallie491@outlook.com,Viaduc De Carrieres Sur Seine,68,,78420,Carrieres sur Seine,France,FR,+33,{telephone},,,,,,,,
#FIRSTNAME#,#LASTNAME#,holly.rothsteinmr@outlook.com,Viaduc De Carrieres Sur Seine,61,,92000,Nanterre,France,FR,+33,{telephone},,,,,,,,
#FIRSTNAME#,#LASTNAME#,mahler_matthewp@outlook.com,Viaduc De Carrieres Sur Seine,7,,78420,Carrieres sur Seine,France,FR,+33,{telephone},,,,,,,,
#FIRSTNAME#,#LASTNAME#,beckenbauercamilleim@outlook.com,Viaduc De Carrieres Sur Seine,45,,78420,Carrieres sur Seine,France,FR,+33,{telephone},,,,,,,,
#FIRSTNAME#,#LASTNAME#,furst.joshuaakt@outlook.com,Viaduc De Gennevilliers,27,,92230,Gennevilliers,France,FR,+33,{telephone},,,,,,,,
#FIRSTNAME#,#LASTNAME#,yu_abtsz@outlook.com,Viaduc De Gennevilliers,40,,92230,Gennevilliers,France,FR,+33,{telephone},,,,,,,,
#FIRSTNAME#,#LASTNAME#,kalb_sheryl03@outlook.com,Viaduc De Gennevilliers,55,,92230,Gennevilliers,France,FR,+33,{telephone},,,,,,,,
#FIRSTNAME#,#LASTNAME#,margaret.fisherp39@outlook.com,Viaduc De Gennevilliers,6,,92230,Gennevilliers,France,FR,+33,{telephone},,,,,,,,
#FIRSTNAME#,#LASTNAME#,maria839schwab@outlook.com,Viaduc De Gennevilliers,49,,92230,Gennevilliers,France,FR,+33,{telephone},,,,,,,,
#FIRSTNAME#,#LASTNAME#,donnaschwartz89@outlook.com,Viaduc De Gennevilliers,36,,92230,Gennevilliers,France,FR,+33,{telephone},,,,,,,,
#FIRSTNAME#,#LASTNAME#,jerry379.gaertner@outlook.com,Viaduc De Gennevilliers,23,,92230,Gennevilliers,France,FR,+33,{telephone},,,,,,,,
#FIRSTNAME#,#LASTNAME#,otiszimmermann7b@outlook.com,Viaduc De Gennevilliers,2,,92230,Gennevilliers,France,FR,+33,{telephone},,,,,,,,
#FIRSTNAME#,#LASTNAME#,charles.hochgtu@outlook.com,Viaduc De Gennevilliers,63,,92230,Gennevilliers,France,FR,+33,{telephone},,,,,,,,
#FIRSTNAME#,#LASTNAME#,angeliaqt5_kohl@outlook.com,Viaduc De Gennevilliers,77,,92230,Gennevilliers,France,FR,+33,{telephone},,,,,,,,
#FIRSTNAME#,#LASTNAME#,traugottpatriciasru@outlook.com,Viaduc De Gennevilliers,2,,92230,Gennevilliers,France,FR,+33,{telephone},,,,,,,,
#FIRSTNAME#,#LASTNAME#,annettekustervvy@outlook.com,Viaduc De Gennevilliers,48,,92230,Gennevilliers,France,FR,+33,{telephone},,,,,,,,
#FIRSTNAME#,#LASTNAME#,bernardbieberf@outlook.com,Viaduc De Gennevilliers,46,,92230,Gennevilliers,France,FR,+33,{telephone},,,,,,,,
#FIRSTNAME#,#LASTNAME#,richardo_hoffmann@outlook.com,Villa Aimee,4,,92250,La Garenne Colombes,France,FR,+33,{telephone},,,,,,,,
#FIRSTNAME#,#LASTNAME#,darren2vbeckenbauer@outlook.com,Villa Bereau Hardy,25,,92250,La Garenne Colombes,France,FR,+33,{telephone},,,,,,,,
#FIRSTNAME#,#LASTNAME#,gerbersteve81@outlook.com,Villa Beurier,13,,92600,Asnieres sur Seine,France,FR,+33,{telephone},,,,,,,,
#FIRSTNAME#,#LASTNAME#,marc890.meister@outlook.com,Villa Catherine,16,,92270,Bois Colombes,France,FR,+33,{telephone},,,,,,,,
#FIRSTNAME#,#LASTNAME#,eiffel.willardn@outlook.com,Villa Chaptal,42,,92300,Levallois Perret,France,FR,+33,{telephone},,,,,,,,
#FIRSTNAME#,#LASTNAME#,hueberhowardgc@outlook.com,Villa Chaptal,4,,92300,Levallois Perret,France,FR,+33,{telephone},,,,,,,,
#FIRSTNAME#,#LASTNAME#,klein_tracy2q@outlook.com,Villa Clothilde,10,,92700,Colombes,France,FR,+33,{telephone},,,,,,,,
#FIRSTNAME#,#LASTNAME#,gladyskochqxr@outlook.com,Villa Davoust,7,,92600,Asnieres sur Seine,France,FR,+33,{telephone},,,,,,,,
#FIRSTNAME#,#LASTNAME#,kellyeezstrauss@outlook.com,Villa Davoust,4,,92600,Asnieres sur Seine,France,FR,+33,{telephone},,,,,,,,
#FIRSTNAME#,#LASTNAME#,rothsteincharlese@outlook.com,Villa De L'Independance,4,,92250,La Garenne Colombes,France,FR,+33,{telephone},,,,,,,,
#FIRSTNAME#,#LASTNAME#,kuster_gerald34@outlook.com,Villa De La Glaciere,13,,95100,Argenteuil,France,FR,+33,{telephone},,,,,,,,
#FIRSTNAME#,#LASTNAME#,konig.augustinex@outlook.com,Villa De La Glaciere,19,,95100,Argenteuil,France,FR,+33,{telephone},,,,,,,,
#FIRSTNAME#,#LASTNAME#,rashida6bumgarner@outlook.com,Villa De La Musique,8,,92400,Courbevoie,France,FR,+33,{telephone},,,,,,,,
#FIRSTNAME#,#LASTNAME#,ritterjohannaztz@outlook.com,Villa De La Station,2,,92150,Suresnes,France,FR,+33,{telephone},,,,,,,,
#FIRSTNAME#,#LASTNAME#,koch_paulory@outlook.com,Villa De La Tour,4,,75116,Paris,France,FR,+33,{telephone},,,,,,,,
#FIRSTNAME#,#LASTNAME#,probst.thomas0@outlook.com,Villa De Madrid,21,,92200,Neuilly sur Seine,France,FR,+33,{telephone},,,,,,,,
#FIRSTNAME#,#LASTNAME#,glenn56jager@outlook.com,Villa Delisi,5,,92270,Bois Colombes,France,FR,+33,{telephone},,,,,,,,
#FIRSTNAME#,#LASTNAME#,mahler_johnt@outlook.com,Villa Des Ajoncs,2,,92270,Bois Colombes,France,FR,+33,{telephone},,,,,,,,
#FIRSTNAME#,#LASTNAME#,winkel_jackl@outlook.com,Villa Des Ajoncs,1,,92270,Bois Colombes,France,FR,+33,{telephone},,,,,,,,
#FIRSTNAME#,#LASTNAME#,fruehaufmeaghanrr@outlook.com,Villa Des Aubepines,5,,92700,Colombes,France,FR,+33,{telephone},,,,,,,,
#FIRSTNAME#,#LASTNAME#,beckyjm_krueger@outlook.com,Villa Des Bleuets,2,,92400,Courbevoie,France,FR,+33,{telephone},,,,,,,,
#FIRSTNAME#,#LASTNAME#,wannemaker.dorisdkk@outlook.com,Villa Des Couronnes,3,,92400,Courbevoie,France,FR,+33,{telephone},,,,,,,,
#FIRSTNAME#,#LASTNAME#,lowethomasb0@outlook.com,Villa Des Fleurs,26,,92400,Courbevoie,France,FR,+33,{telephone},,,,,,,,
#FIRSTNAME#,#LASTNAME#,courtney_beckenbauera@outlook.com,Villa Des Peupliers,5,,92270,Bois Colombes,France,FR,+33,{telephone},,,,,,,,
#FIRSTNAME#,#LASTNAME#,dustindresnerm@outlook.com,Villa Des Peupliers,10,,92200,Neuilly sur Seine,France,FR,+33,{telephone},,,,,,,,
#FIRSTNAME#,#LASTNAME#,gottlieb.kerry679@outlook.com,Villa Des Roses,8,,92270,Bois Colombes,France,FR,+33,{telephone},,,,,,,,
#FIRSTNAME#,#LASTNAME#,herbertbtneudorf@outlook.com,Villa Des Tilleuls,12,,92200,Neuilly sur Seine,France,FR,+33,{telephone},,,,,,,,
#FIRSTNAME#,#LASTNAME#,lula.pabst0@outlook.com,Villa Du Chalet,14,,92600,Asnieres sur Seine,France,FR,+33,{telephone},,,,,,,,
#FIRSTNAME#,#LASTNAME#,jessieoz6kortig@outlook.com,Villa Du Chateau,40,,92250,La Garenne Colombes,France,FR,+33,{telephone},,,,,,,,
#FIRSTNAME#,#LASTNAME#,koehlerglenh@outlook.com,Villa Du Roule,10,,92200,Neuilly sur Seine,France,FR,+33,{telephone},,,,,,,,
#FIRSTNAME#,#LASTNAME#,viviano.barth@outlook.com,Villa Du Sentier,2,,92270,Bois Colombes,France,FR,+33,{telephone},,,,,,,,
#FIRSTNAME#,#LASTNAME#,brendae_richter@outlook.com,Villa Faidherbe,3,,92600,Asnieres sur Seine,France,FR,+33,{telephone},,,,,,,,
#FIRSTNAME#,#LASTNAME#,kyleznfgerste@outlook.com,Villa Francois Cayla,1,,92700,Colombes,France,FR,+33,{telephone},,,,,,,,
#FIRSTNAME#,#LASTNAME#,vogler_frankiey@outlook.com,Villa Francoise,4,,92600,Asnieres sur Seine,France,FR,+33,{telephone},,,,,,,,
#FIRSTNAME#,#LASTNAME#,megan.metzgerdev@outlook.com,Villa Gartrell,1,,92270,Bois Colombes,France,FR,+33,{telephone},,,,,,,,
#FIRSTNAME#,#LASTNAME#,jenniferoy.mauer@outlook.com,Villa Gauthier,20,,95870,Bezons,France,FR,+33,{telephone},,,,,,,,
#FIRSTNAME#,#LASTNAME#,schmidt.kariwwr@outlook.com,Villa Guizot,3b,,75017,Paris,France,FR,+33,{telephone},,,,,,,,
#FIRSTNAME#,#LASTNAME#,kaufmannsherylz@outlook.com,Villa Jean Charles,1,,92600,Asnieres sur Seine,France,FR,+33,{telephone},,,,,,,,
#FIRSTNAME#,#LASTNAME#,gersten_jerryzy@outlook.com,Villa Jean Charles,19,,92600,Asnieres sur Seine,France,FR,+33,{telephone},,,,,,,,
#FIRSTNAME#,#LASTNAME#,lonniekuster3@outlook.com,Villa Laugier,4,,75017,Paris,France,FR,+33,{telephone},,,,,,,,
#FIRSTNAME#,#LASTNAME#,muellerlynette45@outlook.com,Villa Mequillet,11,,92200,Neuilly sur Seine,France,FR,+33,{telephone},,,,,,,,
#FIRSTNAME#,#LASTNAME#,anthony740_mahler@outlook.com,Villa Pasteur,8,,92200,Neuilly sur Seine,France,FR,+33,{telephone},,,,,,,,
#FIRSTNAME#,#LASTNAME#,james.osternc@outlook.com,Villa Regent,47,,92200,Neuilly sur Seine,France,FR,+33,{telephone},,,,,,,,
#FIRSTNAME#,#LASTNAME#,michele.eisenhower8@outlook.com,Villa Rouveyrol,1,,92600,Asnieres sur Seine,France,FR,+33,{telephone},,,,,,,,
#FIRSTNAME#,#LASTNAME#,frei_james2@outlook.com,Villa Rouveyrol,22,,92600,Asnieres sur Seine,France,FR,+33,{telephone},,,,,,,,
#FIRSTNAME#,#LASTNAME#,shirlee04wechsler@outlook.com,Villa Rouveyrol,28,,92600,Asnieres sur Seine,France,FR,+33,{telephone},,,,,,,,
#FIRSTNAME#,#LASTNAME#,eggerhoward325@outlook.com,Villa Said,22,,75116,Paris,France,FR,+33,{telephone},,,,,,,,
#FIRSTNAME#,#LASTNAME#,mary.fabernu7@outlook.com,Villa Traversiere,7,,92600,Asnieres sur Seine,France,FR,+33,{telephone},,,,,,,,
#FIRSTNAME#,#LASTNAME#,pauliner.beich@outlook.com,Villa Victor Hugo,1,,75116,Paris,France,FR,+33,{telephone},,,,,,,,
#FIRSTNAME#,#LASTNAME#,dorothy_wagnerjy@outlook.com,Voie Ar 16,41,,75116,Paris,France,FR,+33,{telephone},,,,,,,,
#FIRSTNAME#,#LASTNAME#,freud_austin20@outlook.com,Voie Bl 16,95,,75016,Paris,France,FR,+33,{telephone},,,,,,,,
#FIRSTNAME#,#LASTNAME#,mary5vkluge@outlook.com,Voie Bl 16,37,,75016,Paris,France,FR,+33,{telephone},,,,,,,,
#FIRSTNAME#,#LASTNAME#,kent83jaeger@outlook.com,Voie Communale Ste Des Larris,20,,92400,Courbevoie,France,FR,+33,{telephone},,,,,,,,
#FIRSTNAME#,#LASTNAME#,karla16sankt@outlook.com,Voie De L'ancre,31,,92400,Courbevoie,France,FR,+33,{telephone},,,,,,,,
#FIRSTNAME#,#LASTNAME#,thalbergjoshuas7@outlook.com,Voie De L'horlogerie,44,,92800,Puteaux,France,FR,+33,{telephone},,,,,,,,
#FIRSTNAME#,#LASTNAME#,kathy.beike61@outlook.com,Voie Des Pyramides,2,,92800,Puteaux,France,FR,+33,{telephone},,,,,,,,
#FIRSTNAME#,#LASTNAME#,cynthia.dresdnerfda@outlook.com,Voie Des Pyramides,4,,92800,Puteaux,France,FR,+33,{telephone},,,,,,,,
#FIRSTNAME#,#LASTNAME#,douglasmetzgero@outlook.com,Voie Des Pyramides,3,,92800,Puteaux,France,FR,+33,{telephone},,,,,,,,
#FIRSTNAME#,#LASTNAME#,reginald.freud701@outlook.com,Voie Des Sculpteurs,70,,92800,Puteaux,France,FR,+33,{telephone},,,,,,,,
#FIRSTNAME#,#LASTNAME#,myrna_theissen4l@outlook.com,Voie G 17,6,,75017,Paris,France,FR,+33,{telephone},,,,,,,,
#FIRSTNAME#,#LASTNAME#,priscillagc.freitag@outlook.com,Voie Georges Pompidou,33,,75116,Paris,France,FR,+33,{telephone},,,,,,,,
#FIRSTNAME#,#LASTNAME#,Laura-Murphy859@outlook.com,Acces Centre Bus Ratp,10,,92000,Nanterre,France,FR,+33,{telephone},,,,,,,,
#FIRSTNAME#,#LASTNAME#,Rachel-Maddox527@outlook.com,Acces Centre Bus Ratp,58,,92000,Nanterre,France,FR,+33,{telephone},,,,,,,,
#FIRSTNAME#,#LASTNAME#,JamesOgle715@outlook.com,Acces Station Service,78,,92230,Gennevilliers,France,FR,+33,{telephone},,,,,,,,
#FIRSTNAME#,#LASTNAME#,Joe-Harris389@outlook.com,Acces Tour Monge,12,,92400,Courbevoie,France,FR,+33,{telephone},,,,,,,,
#FIRSTNAME#,#LASTNAME#,Anita-Feezell218@outlook.com,Access Tour Pascal,99,,92800,Puteaux,France,FR,+33,{telephone},,,,,,,,
#FIRSTNAME#,#LASTNAME#,William-Gagnon746@outlook.com,Access Tour Pascal,25,,92800,Puteaux,France,FR,+33,{telephone},,,,,,,,
#FIRSTNAME#,#LASTNAME#,Kay-Rogers297@outlook.com,Allee Adrienne Lecouvreur,39,,75007,Paris,France,FR,+33,{telephone},,,,,,,,
#FIRSTNAME#,#LASTNAME#,Kent.Parks370@outlook.com,Allee Alfred De Musset,10,,92000,Nanterre,France,FR,+33,{telephone},,,,,,,,
#FIRSTNAME#,#LASTNAME#,ShaunaThomes449@outlook.com,Allee Alphonse Bertillon,2,,95240,Cormeilles en Parisis,France,FR,+33,{telephone},,,,,,,,
#FIRSTNAME#,#LASTNAME#,Elizabeth-Monte921@outlook.com,Allee Andre Mantois,92,,92500,Rueil Malmaison,France,FR,+33,{telephone},,,,,,,,
#FIRSTNAME#,#LASTNAME#,RuthPhillips361@outlook.com,Allee Auguste Bernard,3,,92500,Rueil Malmaison,France,FR,+33,{telephone},,,,,,,,
#FIRSTNAME#,#LASTNAME#,Judith-Uresti740@outlook.com,Allee Auguste Renoir,15,,95100,Argenteuil,France,FR,+33,{telephone},,,,,,,,
#FIRSTNAME#,#LASTNAME#,JamesChaney205@outlook.com,Allee Auguste Renoir,11,,92300,Levallois Perret,France,FR,+33,{telephone},,,,,,,,
#FIRSTNAME#,#LASTNAME#,Douglas-Beltrami862@outlook.com,Allee Auguste Renoir,5,,92300,Levallois Perret,France,FR,+33,{telephone},,,,,,,,
#FIRSTNAME#,#LASTNAME#,Manuel_Larose481@outlook.com,Allee Basly,11,,92230,Gennevilliers,France,FR,+33,{telephone},,,,,,,,
#FIRSTNAME#,#LASTNAME#,Arthur-Meadows735@outlook.com,Allee Camille Muffat,3,,92000,Nanterre,France,FR,+33,{telephone},,,,,,,,
#FIRSTNAME#,#LASTNAME#,Julius_Murphy74@outlook.com,Allee Camille Saint Saens,5,,92150,Suresnes,France,FR,+33,{telephone},,,,,,,,
#FIRSTNAME#,#LASTNAME#,Cecil_Swisher11@outlook.com,Allee Charles Perrault,3,,95240,Cormeilles en Parisis,France,FR,+33,{telephone},,,,,,,,
#FIRSTNAME#,#LASTNAME#,CaroleRuivo670@outlook.com,Allee Claude Bernard,3,,92000,Nanterre,France,FR,+33,{telephone},,,,,,,,
#FIRSTNAME#,#LASTNAME#,JosephBrookshire273@outlook.com,Allee Claude Monet,6,,92300,Levallois Perret,France,FR,+33,{telephone},,,,,,,,
#FIRSTNAME#,#LASTNAME#,LeonardHopton593@outlook.com,Allee D'alsace,35,,92000,Nanterre,France,FR,+33,{telephone},,,,,,,,
#FIRSTNAME#,#LASTNAME#,CatherineMachado970@outlook.com,Allee D'auvergne,2,,92000,Nanterre,France,FR,+33,{telephone},,,,,,,,
#FIRSTNAME#,#LASTNAME#,Manuel-Herrera785@outlook.com,Allee D'ile De France,8,,92000,Nanterre,France,FR,+33,{telephone},,,,,,,,
#FIRSTNAME#,#LASTNAME#,Donald-Meeks55@outlook.com,Allee D'orleans,8,,92200,Neuilly sur Seine,France,FR,+33,{telephone},,,,,,,,
#FIRSTNAME#,#LASTNAME#,Luther-Hosey444@outlook.com,Allee Daniel Gey,3,,92300,Levallois Perret,France,FR,+33,{telephone},,,,,,,,
#FIRSTNAME#,#LASTNAME#,Janice-Scoby741@outlook.com,Allee De Gascogne,142,,92000,Nanterre,France,FR,+33,{telephone},,,,,,,,
#FIRSTNAME#,#LASTNAME#,Ernesto-Smith956@outlook.com,Allee De L'arche,4,,92400,Courbevoie,France,FR,+33,{telephone},,,,,,,,
#FIRSTNAME#,#LASTNAME#,MichelleStewart875@outlook.com,Allee De L'arlequin,37,,92000,Nanterre,France,FR,+33,{telephone},,,,,,,,
#FIRSTNAME#,#LASTNAME#,Bonnie-Reed351@outlook.com,Allee De L'arlequin,30,,92000,Nanterre,France,FR,+33,{telephone},,,,,,,,
#FIRSTNAME#,#LASTNAME#,Maria-Franz160@outlook.com,Allee De L'ecluse,94,,92800,Puteaux,France,FR,+33,{telephone},,,,,,,,
#FIRSTNAME#,#LASTNAME#,Jimmie.Mcafee255@outlook.com,Allee De L'ecluse,84,,92800,Puteaux,France,FR,+33,{telephone},,,,,,,,
#FIRSTNAME#,#LASTNAME#,William_Raynor920@outlook.com,Allee De L'ecluse,41,,92800,Puteaux,France,FR,+33,{telephone},,,,,,,,
#FIRSTNAME#,#LASTNAME#,Kimberly-Collins678@outlook.com,Allee De L'ecluse,19,,92800,Puteaux,France,FR,+33,{telephone},,,,,,,,
#FIRSTNAME#,#LASTNAME#,Deborah-Wolfe39@outlook.com,Allee De L'ecluse,72,,92800,Puteaux,France,FR,+33,{telephone},,,,,,,,
#FIRSTNAME#,#LASTNAME#,Jessie_Torres623@outlook.com,Allee De L'ecluse,78,,92800,Puteaux,France,FR,+33,{telephone},,,,,,,,
#FIRSTNAME#,#LASTNAME#,Tonya.Chandler450@outlook.com,Allee De L'ecluse,9,,92800,Puteaux,France,FR,+33,{telephone},,,,,,,,
#FIRSTNAME#,#LASTNAME#,Leonard_Bearden24@outlook.com,Allee De L'ecureuil,17,,95100,Argenteuil,France,FR,+33,{telephone},,,,,,,,
#FIRSTNAME#,#LASTNAME#,Lula.Bello436@outlook.com,Allee De L'etang,5,,92000,Nanterre,France,FR,+33,{telephone},,,,,,,,
#FIRSTNAME#,#LASTNAME#,Robin.Green286@outlook.com,Allee De L'ile Marante,10,,92700,Colombes,France,FR,+33,{telephone},,,,,,,,
#FIRSTNAME#,#LASTNAME#,Catherine.Poulin139@outlook.com,Allee De L'ile Marante,1,,92700,Colombes,France,FR,+33,{telephone},,,,,,,,
#FIRSTNAME#,#LASTNAME#,Carla.Collins546@outlook.com,Allee De L'ile Marante,15,,92700,Colombes,France,FR,+33,{telephone},,,,,,,,
#FIRSTNAME#,#LASTNAME#,Anthony-Thompson604@outlook.com,Allee De L'universite,21,,92000,Nanterre,France,FR,+33,{telephone},,,,,,,,
#FIRSTNAME#,#LASTNAME#,Marvin-Root915@outlook.com,Allee De La Bibliotheque,46,,92000,Nanterre,France,FR,+33,{telephone},,,,,,,,
#FIRSTNAME#,#LASTNAME#,Tamara-Clark160@outlook.com,Allee De La Bibliotheque,2,,92000,Nanterre,France,FR,+33,{telephone},,,,,,,,
#FIRSTNAME#,#LASTNAME#,Carol.Anker319@outlook.com,Allee De La Croix Du Sud,49,,92270,Bois Colombes,France,FR,+33,{telephone},,,,,,,,
#FIRSTNAME#,#LASTNAME#,KatieAndersson311@outlook.com,Allee De La Danse,11,,92000,Nanterre,France,FR,+33,{telephone},,,,,,,,
#FIRSTNAME#,#LASTNAME#,Aaron-Lewis636@outlook.com,Allee De La Gare,12,,92000,Nanterre,France,FR,+33,{telephone},,,,,,,,
#FIRSTNAME#,#LASTNAME#,Todd-Ragan820@outlook.com,Allee De La Liberation,10,,92000,Nanterre,France,FR,+33,{telephone},,,,,,,,
#FIRSTNAME#,#LASTNAME#,Thomas-Davis56@outlook.com,Allee De La Liberation,15,,92000,Nanterre,France,FR,+33,{telephone},,,,,,,,
#FIRSTNAME#,#LASTNAME#,HeathDavis78@outlook.com,Allee De La Pepiniere,43,,92150,Suresnes,France,FR,+33,{telephone},,,,,,,,
#FIRSTNAME#,#LASTNAME#,Nicole.Homan102@outlook.com,Allee De La Pepiniere,3,,92230,Gennevilliers,France,FR,+33,{telephone},,,,,,,,
#FIRSTNAME#,#LASTNAME#,CynthiaSexton323@outlook.com,Allee De La Reine Marguerite,7,,75016,Paris,France,FR,+33,{telephone},,,,,,,,
#FIRSTNAME#,#LASTNAME#,Cyril-Stevens470@outlook.com,Allee De La Reine Marguerite,64,,75016,Paris,France,FR,+33,{telephone},,,,,,,,
#FIRSTNAME#,#LASTNAME#,Robert.Tyler732@outlook.com,Allee De La Reine Marguerite,6,,75016,Paris,France,FR,+33,{telephone},,,,,,,,
#FIRSTNAME#,#LASTNAME#,Mary_Kingsley174@outlook.com,Allee De La Reine Marguerite,50,,75016,Paris,France,FR,+33,{telephone},,,,,,,,
#FIRSTNAME#,#LASTNAME#,David_Cheng791@outlook.com,Allee De La Reine Marguerite,11,,75016,Paris,France,FR,+33,{telephone},,,,,,,,
#FIRSTNAME#,#LASTNAME#,Aida.Caldwell956@outlook.com,Allee De La Reine Marguerite,35,,75016,Paris,France,FR,+33,{telephone},,,,,,,,
#FIRSTNAME#,#LASTNAME#,GlennWinfrey434@outlook.com,Allee De La Reine Marguerite,96,,75016,Paris,France,FR,+33,{telephone},,,,,,,,
#FIRSTNAME#,#LASTNAME#,Laverne_Ezell333@outlook.com,Allee De La Reine Marguerite,80,,75016,Paris,France,FR,+33,{telephone},,,,,,,,
#FIRSTNAME#,#LASTNAME#,Debra-Jolly346@outlook.com,Allee De La Reine Marguerite,68,,75016,Paris,France,FR,+33,{telephone},,,,,,,,
#FIRSTNAME#,#LASTNAME#,Kelley.Peckham373@outlook.com,Allee De La Reine Marguerite,13,,75016,Paris,France,FR,+33,{telephone},,,,,,,,
#FIRSTNAME#,#LASTNAME#,Wendy-Schubert708@outlook.com,Allee De La Reine Marguerite,9,,75016,Paris,France,FR,+33,{telephone},,,,,,,,
#FIRSTNAME#,#LASTNAME#,Ivan-Parrish854@outlook.com,Allee De La Reine Marguerite,27,,75016,Paris,France,FR,+33,{telephone},,,,,,,,
#FIRSTNAME#,#LASTNAME#,Antoine-Verdin76@outlook.com,Allee De La Reine Marguerite,46,,75016,Paris,France,FR,+33,{telephone},,,,,,,,
#FIRSTNAME#,#LASTNAME#,Brittany-Pletcher621@outlook.com,Allee De La Reine Marguerite,44,,75016,Paris,France,FR,+33,{telephone},,,,,,,,
#FIRSTNAME#,#LASTNAME#,TravisPeacock769@outlook.com,Allee De La Reine Marguerite,28,,75016,Paris,France,FR,+33,{telephone},,,,,,,,
#FIRSTNAME#,#LASTNAME#,Nathan-Mcmullen456@outlook.com,Allee De La Reine Marguerite,43,,75016,Paris,France,FR,+33,{telephone},,,,,,,,
#FIRSTNAME#,#LASTNAME#,Timothy-Coker785@outlook.com,Allee De La Victoire,8,,92230,Gennevilliers,France,FR,+33,{telephone},,,,,,,,
#FIRSTNAME#,#LASTNAME#,Elsa.Martin452@outlook.com,Allee De Longchamp,97,,75016,Paris,France,FR,+33,{telephone},,,,,,,,
#FIRSTNAME#,#LASTNAME#,RogerWilmot880@outlook.com,Allee De Longchamp,30,,75116,Paris,France,FR,+33,{telephone},,,,,,,,
#FIRSTNAME#,#LASTNAME#,TheresaRobinson84@outlook.com,Allee De Longchamp,29,,75016,Paris,France,FR,+33,{telephone},,,,,,,,
#FIRSTNAME#,#LASTNAME#,HowardNoel771@outlook.com,Allee De Longchamp,74,,75016,Paris,France,FR,+33,{telephone},,,,,,,,
#FIRSTNAME#,#LASTNAME#,AndrewBeaulieu231@outlook.com,Allee De Longchamp,19,,75016,Paris,France,FR,+33,{telephone},,,,,,,,
#FIRSTNAME#,#LASTNAME#,Linda-Johnson383@outlook.com,Allee De Longchamp,73,,75016,Paris,France,FR,+33,{telephone},,,,,,,,
#FIRSTNAME#,#LASTNAME#,Darren.Coronado909@outlook.com,Allee De Longchamp,7,,92150,Suresnes,France,FR,+33,{telephone},,,,,,,,
#FIRSTNAME#,#LASTNAME#,Gregory-Freidman209@outlook.com,Allee De Longchamp,9,,75016,Paris,France,FR,+33,{telephone},,,,,,,,
#FIRSTNAME#,#LASTNAME#,Robert-Zhao248@outlook.com,Allee De Longchamp,90,,75016,Paris,France,FR,+33,{telephone},,,,,,,,
#FIRSTNAME#,#LASTNAME#,Roberto.White505@outlook.com,Allee De Longchamp,79,,75116,Paris,France,FR,+33,{telephone},,,,,,,,
#FIRSTNAME#,#LASTNAME#,Julie.Hernandez942@outlook.com,Allee De Longchamp,3,,92150,Suresnes,France,FR,+33,{telephone},,,,,,,,
#FIRSTNAME#,#LASTNAME#,Donna_Rowan335@outlook.com,Allee De Longchamp,3,,75016,Paris,France,FR,+33,{telephone},,,,,,,,
#FIRSTNAME#,#LASTNAME#,William_Hicks986@outlook.com,Allee De Longchamp,18,,75116,Paris,France,FR,+33,{telephone},,,,,,,,
#FIRSTNAME#,#LASTNAME#,Maria-Goldsberry776@outlook.com,Allee De Longchamp,35,,75016,Paris,France,FR,+33,{telephone},,,,,,,,
#FIRSTNAME#,#LASTNAME#,Becky.Sadberry896@outlook.com,Allee De Longchamp,64,,75116,Paris,France,FR,+33,{telephone},,,,,,,,
#FIRSTNAME#,#LASTNAME#,Richard-Hamlet914@outlook.com,Allee De Longchamp,61,,75116,Paris,France,FR,+33,{telephone},,,,,,,,
#FIRSTNAME#,#LASTNAME#,Jason_Chairez903@outlook.com,Allee De Longchamp,50,,75016,Paris,France,FR,+33,{telephone},,,,,,,,
#FIRSTNAME#,#LASTNAME#,Carol-Evans203@outlook.com,Allee De Longchamp,89,,75016,Paris,France,FR,+33,{telephone},,,,,,,,
#FIRSTNAME#,#LASTNAME#,Scott.Sieja708@outlook.com,Allee De Longchamp,15,,75116,Paris,France,FR,+33,{telephone},,,,,,,,
#FIRSTNAME#,#LASTNAME#,Fran.Thorpe636@outlook.com,Allee De Longchamp,94,,75016,Paris,France,FR,+33,{telephone},,,,,,,,
#FIRSTNAME#,#LASTNAME#,Dana_Moore989@outlook.com,Allee De Longchamp,6,,75116,Paris,France,FR,+33,{telephone},,,,,,,,
#FIRSTNAME#,#LASTNAME#,MarkMetcalf43@outlook.com,Allee De Longchamp,47,,75016,Paris,France,FR,+33,{telephone},,,,,,,,
#FIRSTNAME#,#LASTNAME#,KarlArnold415@outlook.com,Allee De Longchamp,94,,75116,Paris,France,FR,+33,{telephone},,,,,,,,
#FIRSTNAME#,#LASTNAME#,Herman-Regalado793@outlook.com,Allee De Longchamp,92,,75016,Paris,France,FR,+33,{telephone},,,,,,,,
#FIRSTNAME#,#LASTNAME#,Jamel-Johnson749@outlook.com,Allee De Longchamp,8,,75116,Paris,France,FR,+33,{telephone},,,,,,,,
#FIRSTNAME#,#LASTNAME#,Joyce.Johnson597@outlook.com,Allee De Longchamp,33,,75016,Paris,France,FR,+33,{telephone},,,,,,,,
#FIRSTNAME#,#LASTNAME#,ToddRoth454@outlook.com,Allee De Longchamp,65,,75116,Paris,France,FR,+33,{telephone},,,,,,,,
#FIRSTNAME#,#LASTNAME#,Joyce.Anderson806@outlook.com,Allee De Longchamp,78,,75016,Paris,France,FR,+33,{telephone},,,,,,,,
#FIRSTNAME#,#LASTNAME#,Jane-Patel153@outlook.com,Allee De Lorraine,1,,92000,Nanterre,France,FR,+33,{telephone},,,,,,,,
#FIRSTNAME#,#LASTNAME#,Anthony.Haynes676@outlook.com,Allee De Madrid A Neuilly,37,,75116,Paris,France,FR,+33,{telephone},,,,,,,,
#FIRSTNAME#,#LASTNAME#,James.Mcbride124@outlook.com,Allee De Madrid A Neuilly,59,,75116,Paris,France,FR,+33,{telephone},,,,,,,,
#FIRSTNAME#,#LASTNAME#,Gayle.Kirgan352@outlook.com,Allee De Madrid A Neuilly,12,,75116,Paris,France,FR,+33,{telephone},,,,,,,,
#FIRSTNAME#,#LASTNAME#,Eddie-Walters406@outlook.com,Allee De Madrid A Neuilly,6,,75116,Paris,France,FR,+33,{telephone},,,,,,,,
#FIRSTNAME#,#LASTNAME#,TinaWykes599@outlook.com,Allee De Madrid A Neuilly,3,,75116,Paris,France,FR,+33,{telephone},,,,,,,,
#FIRSTNAME#,#LASTNAME#,Barbara.Willey947@outlook.com,Allee De Savoie,1,,92000,Nanterre,France,FR,+33,{telephone},,,,,,,,
#FIRSTNAME#,#LASTNAME#,Zackary_Spalla756@outlook.com,Allee De Szekszard,10,,95870,Bezons,France,FR,+33,{telephone},,,,,,,,
#FIRSTNAME#,#LASTNAME#,Bernard-Anderson22@outlook.com,Allee Denis Papin,9,,92250,La Garenne Colombes,France,FR,+33,{telephone},,,,,,,,
#FIRSTNAME#,#LASTNAME#,Mildred_Reiter564@outlook.com,Allee Des Acacias,14,,95870,Bezons,France,FR,+33,{telephone},,,,,,,,
#FIRSTNAME#,#LASTNAME#,Vanessa.Atwood543@outlook.com,Allee Des Acacias,21,,95870,Bezons,France,FR,+33,{telephone},,,,,,,,
#FIRSTNAME#,#LASTNAME#,Ira-Proffitt794@outlook.com,Allee Des Anemones,11,,95100,Argenteuil,France,FR,+33,{telephone},,,,,,,,
#FIRSTNAME#,#LASTNAME#,Joanne.Bradshaw452@outlook.com,Allee Des Anemones,2,,95100,Argenteuil,France,FR,+33,{telephone},,,,,,,,
#FIRSTNAME#,#LASTNAME#,Frederick.Smith681@outlook.com,Allee Des Anemones,10,,95100,Argenteuil,France,FR,+33,{telephone},,,,,,,,
#FIRSTNAME#,#LASTNAME#,Stephen.Stenn238@outlook.com,Allee Des Anemones,1,,95100,Argenteuil,France,FR,+33,{telephone},,,,,,,,
#FIRSTNAME#,#LASTNAME#,Scott-Snyder926@outlook.com,Allee Des Bergeres,17,,92500,Rueil Malmaison,France,FR,+33,{telephone},,,,,,,,
#FIRSTNAME#,#LASTNAME#,Jessica-Ogden23@outlook.com,Allee Des Bergeres,9,,92500,Rueil Malmaison,France,FR,+33,{telephone},,,,,,,,
#FIRSTNAME#,#LASTNAME#,Kurtis_Ford643@outlook.com,Allee Des Bergeronnettes,6,,92150,Suresnes,France,FR,+33,{telephone},,,,,,,,
#FIRSTNAME#,#LASTNAME#,Chad.Bartos509@outlook.com,Allee Des Coudrees,5,,95240,Cormeilles en Parisis,France,FR,+33,{telephone},,,,,,,,
#FIRSTNAME#,#LASTNAME#,Matthew-Clayton637@outlook.com,Allee Des Coudrees,2a,,95240,Cormeilles en Parisis,France,FR,+33,{telephone},,,,,,,,
#FIRSTNAME#,#LASTNAME#,Benjamin-Scrivener207@outlook.com,Allee Des Coudrees,2,,95240,Cormeilles en Parisis,France,FR,+33,{telephone},,,,,,,,
#FIRSTNAME#,#LASTNAME#,GraceHansel25@outlook.com,Allee Des Cygnes,1,,75016,Paris,France,FR,+33,{telephone},,,,,,,,
#FIRSTNAME#,#LASTNAME#,Edna_Byrd463@outlook.com,Allee Des Cypres,6,,92500,Rueil Malmaison,France,FR,+33,{telephone},,,,,,,,
#FIRSTNAME#,#LASTNAME#,Deanna_Shaw405@outlook.com,Allee Des Cypres,5,,92500,Rueil Malmaison,France,FR,+33,{telephone},,,,,,,,
#FIRSTNAME#,#LASTNAME#,Ahmad_Oquendo82@outlook.com,Allee Des Cytises,5,,92150,Suresnes,France,FR,+33,{telephone},,,,,,,,
#FIRSTNAME#,#LASTNAME#,Terry-Schumacher547@outlook.com,Allee Des Damades,16,,92000,Nanterre,France,FR,+33,{telephone},,,,,,,,
#FIRSTNAME#,#LASTNAME#,Carol_Berube389@outlook.com,Allee Des Damades,14,,92000,Nanterre,France,FR,+33,{telephone},,,,,,,,
#FIRSTNAME#,#LASTNAME#,BryanBacote585@outlook.com,Allee Des Dames,75,,75016,Paris,France,FR,+33,{telephone},,,,,,,,
#FIRSTNAME#,#LASTNAME#,SterlingWoolf598@outlook.com,Allee Des Dames,54,,75016,Paris,France,FR,+33,{telephone},,,,,,,,
#FIRSTNAME#,#LASTNAME#,Steven-Chasteen128@outlook.com,Allee Des Dames,74,,75016,Paris,France,FR,+33,{telephone},,,,,,,,
#FIRSTNAME#,#LASTNAME#,Larry_Mcleod465@outlook.com,Allee Des Dames,56,,75016,Paris,France,FR,+33,{telephone},,,,,,,,
#FIRSTNAME#,#LASTNAME#,Barbara-Johnson52@outlook.com,Allee Des Dames,9,,75016,Paris,France,FR,+33,{telephone},,,,,,,,
#FIRSTNAME#,#LASTNAME#,Anne_Utz826@outlook.com,Allee Des Dames,30,,75016,Paris,France,FR,+33,{telephone},,,,,,,,
#FIRSTNAME#,#LASTNAME#,Harvey-Sparks979@outlook.com,Allee Des Dames,18,,75016,Paris,France,FR,+33,{telephone},,,,,,,,
#FIRSTNAME#,#LASTNAME#,TraceyLopes342@outlook.com,Allee Des Erables,64,,75116,Paris,France,FR,+33,{telephone},,,,,,,,
#FIRSTNAME#,#LASTNAME#,Catherine-Holz644@outlook.com,Allee Des Erables,21,,75116,Paris,France,FR,+33,{telephone},,,,,,,,
#FIRSTNAME#,#LASTNAME#,Donald_Adkins374@outlook.com,Allee Des Erables,20,,75116,Paris,France,FR,+33,{telephone},,,,,,,,
#FIRSTNAME#,#LASTNAME#,Robert.Holley983@outlook.com,Allee Des Erables,71,,75116,Paris,France,FR,+33,{telephone},,,,,,,,
#FIRSTNAME#,#LASTNAME#,Mona_Lam551@outlook.com,Allee Des Erables,50,,75116,Paris,France,FR,+33,{telephone},,,,,,,,
#FIRSTNAME#,#LASTNAME#,JosephMartinez163@outlook.com,Allee Des Erables,89,,75116,Paris,France,FR,+33,{telephone},,,,,,,,
#FIRSTNAME#,#LASTNAME#,Leonard-Fox788@outlook.com,Allee Des Erables,24,,75116,Paris,France,FR,+33,{telephone},,,,,,,,
#FIRSTNAME#,#LASTNAME#,Robert-Zambrano334@outlook.com,Allee Des Erables,40,,75116,Paris,France,FR,+33,{telephone},,,,,,,,
#FIRSTNAME#,#LASTNAME#,JoelJeter819@outlook.com,Allee Des Erables,99,,75116,Paris,France,FR,+33,{telephone},,,,,,,,
#FIRSTNAME#,#LASTNAME#,OllieSchrandt302@outlook.com,Allee Des Etudiants,98,,92000,Nanterre,France,FR,+33,{telephone},,,,,,,,
#FIRSTNAME#,#LASTNAME#,Julie-Simmons61@outlook.com,Allee Des Etudiants,23,,92000,Nanterre,France,FR,+33,{telephone},,,,,,,,
#FIRSTNAME#,#LASTNAME#,Paulette.Munn820@outlook.com,Allee Des Etudiants,67,,92000,Nanterre,France,FR,+33,{telephone},,,,,,,,
#FIRSTNAME#,#LASTNAME#,Ryan.Ward816@outlook.com,Allee Des Etudiants,69,,92000,Nanterre,France,FR,+33,{telephone},,,,,,,,
#FIRSTNAME#,#LASTNAME#,Helen-Bradley516@outlook.com,Allee Des Etudiants,20,,92000,Nanterre,France,FR,+33,{telephone},,,,,,,,
#FIRSTNAME#,#LASTNAME#,Judy-Montes273@outlook.com,Allee Des Etudiants,90,,92000,Nanterre,France,FR,+33,{telephone},,,,,,,,
#FIRSTNAME#,#LASTNAME#,Matthew-Stein220@outlook.com,Allee Des Fleurs,4,,95100,Argenteuil,France,FR,+33,{telephone},,,,,,,,
#FIRSTNAME#,#LASTNAME#,Patricia_Nino975@outlook.com,Allee Des Fortifications,34,,75016,Paris,France,FR,+33,{telephone},,,,,,,,
#FIRSTNAME#,#LASTNAME#,James_Buell30@outlook.com,Allee Des Fortifications,19,,75016,Paris,France,FR,+33,{telephone},,,,,,,,
#FIRSTNAME#,#LASTNAME#,Karina.Kelly115@outlook.com,Allee Des Fortifications,38,,75016,Paris,France,FR,+33,{telephone},,,,,,,,
#FIRSTNAME#,#LASTNAME#,AudreyJanusz662@outlook.com,Allee Des Fortifications,50,,75016,Paris,France,FR,+33,{telephone},,,,,,,,
#FIRSTNAME#,#LASTNAME#,Tereasa-Mundy991@outlook.com,Allee Des Fortifications,30,,75016,Paris,France,FR,+33,{telephone},,,,,,,,
#FIRSTNAME#,#LASTNAME#,Tim-Lucero926@outlook.com,Allee Des Fortifications,36,,75016,Paris,France,FR,+33,{telephone},,,,,,,,
#FIRSTNAME#,#LASTNAME#,Mary_Batey82@outlook.com,Allee Des Fortifications,44,,75016,Paris,France,FR,+33,{telephone},,,,,,,,
#FIRSTNAME#,#LASTNAME#,Nick.Anderson386@outlook.com,Allee Des Fortifications,40,,75016,Paris,France,FR,+33,{telephone},,,,,,,,
#FIRSTNAME#,#LASTNAME#,Kasey-Viles754@outlook.com,Allee Des Fortifications,26,,75016,Paris,France,FR,+33,{telephone},,,,,,,,
#FIRSTNAME#,#LASTNAME#,Michael-Rodriguez893@outlook.com,Allee Des Glycines,21,,92500,Rueil Malmaison,France,FR,+33,{telephone},,,,,,,,
#FIRSTNAME#,#LASTNAME#,Andre_Tracy215@outlook.com,Allee Des Glycines,15,,92500,Rueil Malmaison,France,FR,+33,{telephone},,,,,,,,
#FIRSTNAME#,#LASTNAME#,MelindaWilson464@outlook.com,Allee Des Jardins,2,,95100,Argenteuil,France,FR,+33,{telephone},,,,,,,,
#FIRSTNAME#,#LASTNAME#,Rolando.Smith906@outlook.com,Allee Des Jardins,8,,95100,Argenteuil,France,FR,+33,{telephone},,,,,,,,
#FIRSTNAME#,#LASTNAME#,jaime.lehrerwew@outlook.com,Rue Ybry,42,,92200,Neuilly sur Seine,France,FR,+33,{telephone},,,,,,,,
#FIRSTNAME#,#LASTNAME#,derrick_krugerlef@outlook.com,Rue Yves Le Caignard,23,,92700,Colombes,France,FR,+33,{telephone},,,,,,,,
#FIRSTNAME#,#LASTNAME#,ericorp.krueger@outlook.com,Rue Yves Le Caignard,21,,92700,Colombes,France,FR,+33,{telephone},,,,,,,,
#FIRSTNAME#,#LASTNAME#,luftmaryey@outlook.com,Rue Yves Le Caignard,15,,92700,Colombes,France,FR,+33,{telephone},,,,,,,,
#FIRSTNAME#,#LASTNAME#,marshall11lehrer@outlook.com,Rue Yves Le Caignard,29,,92700,Colombes,France,FR,+33,{telephone},,,,,,,,
